Chromosome	Position	LR	Alpha
Chr1	346	0.03168	725291
Chr1	100766	0.02193	244232
Chr1	201186	0.90380	11084
Chr1	301606	0.10234	91664
Chr1	402025	0.01039	316358
Chr1	502445	0.12614	5323
Chr1	602865	0.07427	34042
Chr1	703285	0.07424	30274
Chr1	803705	0.94588	4306
Chr1	904125	0.00404	421360
Chr1	1004545	0.00007	605704
Chr1	1104965	0.25843	3708
Chr1	1205384	0.46399	3028
Chr1	1305804	0.03379	29359
Chr1	1406224	0.28451	12366
Chr1	1506644	0.96412	2153
Chr1	1607064	0.07937	11820
Chr1	1707484	0.27817	11980
Chr1	1807904	0.00002	844843
Chr1	1908324	0.00650	13830
Chr1	2008743	0.84096	2190
Chr1	2109163	0.31797	2553
Chr1	2209583	0.03323	12932
Chr1	2310003	2.70374	530
Chr1	2410423	0.03466	11445
Chr1	2510843	0.11119	9326
Chr1	2611263	0.87434	4642
Chr1	2711683	8.52209	1135
Chr1	2812102	0.26548	7545
Chr1	2912522	0.01000	57039
Chr1	3012942	0.00000	343260
Chr1	3113362	0.02607	31763
Chr1	3213782	11.64777	231
Chr1	3314202	1.95415	235
Chr1	3414622	0.60671	1848
Chr1	3515042	1.07592	1533
Chr1	3615461	0.02886	57369
Chr1	3715881	0.04434	31651
Chr1	3816301	0.00000	54671
Chr1	3916721	0.12070	13536
Chr1	4017141	0.00000	127918
Chr1	4117561	1.25944	504
Chr1	4217981	0.01513	28269
Chr1	4318401	1.28626	528
Chr1	4418820	7.18862	358
Chr1	4519240	0.29055	1471
Chr1	4619660	0.00000	3043532
Chr1	4720080	0.40478	2875
Chr1	4820500	6.58115	264
Chr1	4920920	2.32360	2241
Chr1	5021340	0.50549	780
Chr1	5121760	0.01600	6794
Chr1	5222179	0.02247	11146
Chr1	5322599	0.00000	118206
Chr1	5423019	0.23663	28951
Chr1	5523439	0.03533	7998
Chr1	5623859	0.51455	4137
Chr1	5724279	0.00000	1393312
Chr1	5824699	0.08957	45016
Chr1	5925119	0.62955	25844
Chr1	6025538	0.12753	34026
Chr1	6125958	1.50363	4625
Chr1	6226378	0.00071	19154
Chr1	6326798	0.11603	4456
Chr1	6427218	0.01164	23669
Chr1	6527638	0.34528	3304
Chr1	6628058	0.65654	1698
Chr1	6728478	0.21275	9705
Chr1	6828897	0.36131	1707
Chr1	6929317	1.35696	3595
Chr1	7029737	3.40582	509
Chr1	7130157	0.06398	29668
Chr1	7230577	0.03739	55060
Chr1	7330997	0.08266	34514
Chr1	7431417	0.61160	43808
Chr1	7531837	0.00100	65104
Chr1	7632256	0.00000	10480820
Chr1	7732676	0.38262	1198
Chr1	7833096	0.02296	164507
Chr1	7933516	0.01155	50532
Chr1	8033936	0.07735	17318
Chr1	8134356	0.12750	3154
Chr1	8234776	0.64248	1478
Chr1	8335196	0.82286	237
Chr1	8435615	0.15905	1503
Chr1	8536035	2.00857	3297
Chr1	8636455	0.01121	425735
Chr1	8736875	0.13412	12464
Chr1	8837295	1.88138	502
Chr1	8937715	0.04705	24613
Chr1	9038135	0.00249	58000
Chr1	9138555	0.31331	7677
Chr1	9238974	1.89920	779
Chr1	9339394	1.33193	518
Chr1	9439814	1.60552	541
Chr1	9540234	0.09474	5506
Chr1	9640654	0.06909	4619
Chr1	9741074	0.08191	5910
Chr1	9841494	1.81266	884
Chr1	9941914	0.01666	5693
Chr1	10042333	0.59963	1077
Chr1	10142753	0.11061	8217
Chr1	10243173	0.00303	473534
Chr1	10343593	0.14647	9315
Chr1	10444013	5.17700	232
Chr1	10544433	0.00000	238567
Chr1	10644853	0.07110	29223
Chr1	10745273	0.01321	113037
Chr1	10845692	0.00538	373456
Chr1	10946112	3.81279	175
Chr1	11046532	4.78306	230
Chr1	11146952	0.06961	31896
Chr1	11247372	3.97753	302
Chr1	11347792	3.40544	527
Chr1	11448212	0.00065	12441
Chr1	11548632	0.16862	7503
Chr1	11649051	0.07481	2536
Chr1	11749471	0.04595	406251
Chr1	11849891	0.37911	664
Chr1	11950311	0.00000	196599
Chr1	12050731	0.19980	4043
Chr1	12151151	0.28601	885
Chr1	12251571	1.83047	287
Chr1	12351991	4.90560	53
Chr1	12452410	0.05591	3384
Chr1	12552830	0.01523	16144
Chr1	12653250	0.01739	117247
Chr1	12753670	1.56376	244
Chr1	12854090	2.70684	422
Chr1	12954510	0.05249	8564
Chr1	13054930	0.02581	5821
Chr1	13155350	0.03657	85386
Chr1	13255769	0.14930	36915
Chr1	13356189	0.11663	49238
Chr1	13456609	1.39908	1766
Chr1	13557029	0.27810	76044
Chr1	13657449	0.32318	57556
Chr1	13757869	2.97043	275
Chr1	13858289	0.34647	47295
Chr1	13958709	0.24786	8096
Chr1	14059128	0.00000	635738
Chr1	14159548	0.14668	404024
Chr1	14259968	0.20793	99513
Chr1	14360388	0.07545	92641
Chr1	14460808	0.41503	56079
Chr1	14561228	2.57784	2170
Chr1	14661648	0.23674	28913
Chr1	14762068	3.06956	964
Chr1	14862487	2.47380	2964
Chr1	14962907	0.03222	3091524
Chr1	15063327	0.08941	397473
Chr1	15163747	1.31877	16532
Chr1	15264167	4.37550	874
Chr1	15364587	2.00193	1327
Chr1	15465007	1.71322	3990
Chr1	15565427	0.00000	1200000000
Chr1	15665846	2.67982	5286
Chr1	15766266	0.72600	5910
Chr1	15866686	1.11017	6618
Chr1	15967106	0.09956	13252
Chr1	16067526	0.23767	180087
Chr1	16167946	0.31101	10439
Chr1	16268366	0.33750	4836
Chr1	16368786	0.59877	4269
Chr1	16469205	0.06855	6764
Chr1	16569625	0.01928	37950
Chr1	16670045	0.04253	15743
Chr1	16770465	0.01331	6425
Chr1	16870885	0.58544	1326
Chr1	16971305	3.60437	340
Chr1	17071725	0.25151	5876
Chr1	17172145	0.14554	5720
Chr1	17272564	0.21667	3822
Chr1	17372984	0.00017	316998
Chr1	17473404	0.09354	7125
Chr1	17573824	0.07331	51371
Chr1	17674244	0.19136	14121
Chr1	17774664	1.11394	656
Chr1	17875084	0.91994	3903
Chr1	17975504	0.01770	74497
Chr1	18075923	0.24229	4684
Chr1	18176343	0.16191	9182
Chr1	18276763	0.44383	11020
Chr1	18377183	0.91060	39458
Chr1	18477603	0.00000	97229
Chr1	18578023	1.67509	1567
Chr1	18678443	0.00009	380419
Chr1	18778863	0.45184	6476
Chr1	18879282	0.03363	37682
Chr1	18979702	0.00000	1278380
Chr1	19080122	0.00000	6890315
Chr1	19180542	0.03201	30872
Chr1	19280962	8.53094	188
Chr1	19381382	0.75355	5803
Chr1	19481802	1.49800	5913
Chr1	19582222	5.33772	465
Chr1	19682641	0.01850	55499
Chr1	19783061	0.37391	16771
Chr1	19883481	0.30918	288918
Chr1	19983901	1.22905	8612
Chr1	20084321	0.02458	939717
Chr1	20184741	4.14999	2021
Chr1	20285161	0.00383	96095
Chr1	20385581	0.00005	521675
Chr1	20486000	0.14432	37714
Chr1	20586420	0.02525	38326
Chr1	20686840	1.39946	666934
Chr1	20787260	0.26567	21288
Chr1	20887680	0.00000	655999
Chr1	20988100	0.10293	22454
Chr1	21088520	0.04596	71541
Chr1	21188940	0.00492	172491
Chr1	21289359	1.94793	531
Chr1	21389779	0.78566	3958
Chr1	21490199	2.39453	1212
Chr1	21590619	0.61052	4329
Chr1	21691039	2.96094	1285
Chr1	21791459	0.44597	760
Chr1	21891879	0.06194	39014
Chr1	21992299	0.11958	10105
Chr1	22092718	0.04595	96143
Chr1	22193138	0.01617	39825
Chr1	22293558	4.91670	372
Chr1	22393978	0.01870	137193
Chr1	22494398	3.78938	2210
Chr1	22594818	4.27477	1195
Chr1	22695238	0.25594	14733
Chr1	22795658	0.89237	68347
Chr1	22896077	0.61243	1921
Chr1	22996497	0.97936	1409
Chr1	23096917	0.15282	11964
Chr1	23197337	7.03125	80
Chr1	23297757	2.49675	352
Chr1	23398177	11.12402	114
Chr1	23498597	0.70504	4519
Chr1	23599017	0.16319	13906
Chr1	23699436	0.00000	1090439
Chr1	23799856	0.00000	62223
Chr1	23900276	1.58029	1322
Chr1	24000696	0.00672	38017
Chr1	24101116	2.32634	9942
Chr1	24201536	0.06082	13555
Chr1	24301956	3.85261	265
Chr1	24402376	0.45800	3414
Chr1	24502795	0.07183	38657
Chr1	24603215	0.00000	48478620
Chr1	24703635	1.50723	776
Chr1	24804055	0.25945	12112
Chr1	24904475	1.11296	1087
Chr1	25004895	1.68659	612
Chr1	25105315	0.08226	2893
Chr1	25205735	0.04859	16159
Chr1	25306154	0.17319	2683
Chr1	25406574	0.05863	81167
Chr1	25506994	0.00000	37310
Chr1	25607414	2.24049	1156
Chr1	25707834	1.34771	697
Chr1	25808254	0.04585	50091
Chr1	25908674	0.05009	85578
Chr1	26009094	0.08818	7000
Chr1	26109513	1.99598	253
Chr1	26209933	0.28771	3123
Chr1	26310353	0.06028	16255
Chr1	26410773	0.20082	15892
Chr1	26511193	0.56668	649
Chr1	26611613	0.00000	369448
Chr1	26712033	0.37570	4208
Chr1	26812453	0.00990	13124
Chr1	26912872	2.70651	1242
Chr1	27013292	0.08537	2990
Chr1	27113712	0.01538	25884
Chr1	27214132	0.00000	691601
Chr1	27314552	0.26908	2134
Chr1	27414972	2.21376	409
Chr1	27515392	0.00025	446083
Chr1	27615812	0.28445	2530
Chr1	27716231	0.03231	76295
Chr1	27816651	0.17209	25866
Chr1	27917071	0.26344	2592
Chr1	28017491	0.00000	43263
Chr1	28117911	0.10915	9336
Chr1	28218331	0.25482	3650
Chr1	28318751	0.05600	77491
Chr1	28419171	0.58041	12661
Chr1	28519590	0.10116	56568
Chr1	28620010	0.13445	1342
Chr1	28720430	0.06960	5914
Chr1	28820850	0.00094	16993
Chr1	28921270	1.92762	714
Chr1	29021690	0.08590	4943
Chr1	29122110	0.00000	136363
Chr1	29222530	0.65745	11873
Chr1	29322949	0.00278	94563
Chr1	29423369	0.00712	187879
Chr1	29523789	0.00042	202303
Chr1	29624209	0.00000	1030564
Chr1	29724629	0.34423	30043
Chr1	29825049	1.61497	8241
Chr1	29925469	0.04632	23806
Chr1	30025889	0.02262	26757
Chr1	30126308	0.14730	21848
Chr1	30226728	0.28185	24312
Chr1	30327148	0.00271	171436
Chr1	30427568	2.36241	1827
Chr2	2091	0.13959	4831
Chr2	102579	1.21318	4511
Chr2	203067	0.24811	237161
Chr2	303556	3.66474	8444
Chr2	404044	0.34133	292301
Chr2	504532	0.00000	36465
Chr2	605020	1.54499	686
Chr2	705509	2.26343	1670
Chr2	805997	1.61898	5485
Chr2	906485	0.40095	5293
Chr2	1006973	0.00000	576528
Chr2	1107461	0.00638	195393
Chr2	1207950	2.86243	729
Chr2	1308438	0.03442	39699
Chr2	1408926	3.25869	1320
Chr2	1509414	0.15791	8490
Chr2	1609903	3.41488	4381
Chr2	1710391	0.00424	157549
Chr2	1810879	0.00000	4597726
Chr2	1911367	0.50411	5560
Chr2	2011855	0.45033	26389
Chr2	2112344	0.91346	5773
Chr2	2212832	0.13878	13490
Chr2	2313320	0.09894	19022
Chr2	2413808	0.06530	70053
Chr2	2514296	0.07637	81540
Chr2	2614785	3.49246	1634
Chr2	2715273	0.69398	1969
Chr2	2815761	0.17614	51391
Chr2	2916249	0.25472	16352
Chr2	3016738	0.05137	19567
Chr2	3117226	4.89770	4910
Chr2	3217714	1.44296	1388
Chr2	3318202	2.73190	515
Chr2	3418690	0.59279	1669
Chr2	3519179	0.05598	547069
Chr2	3619667	3.77199	1567
Chr2	3720155	0.00778	923744
Chr2	3820643	0.18283	275256
Chr2	3921132	0.15971	132719
Chr2	4021620	0.08468	633807
Chr2	4122108	0.08888	230733
Chr2	4222596	0.49376	17541
Chr2	4323084	1.41220	41902
Chr2	4423573	0.50611	49660
Chr2	4524061	4.76847	1153
Chr2	4624549	1.04156	18901
Chr2	4725037	0.29958	78521
Chr2	4825526	0.01382	80216
Chr2	4926014	1.74749	1024
Chr2	5026502	1.19327	597
Chr2	5126990	0.00718	864370
Chr2	5227478	2.40366	1413
Chr2	5327967	0.06638	49596
Chr2	5428455	0.11493	32847
Chr2	5528943	0.66183	1729
Chr2	5629431	0.26568	10477
Chr2	5729920	0.24559	42161
Chr2	5830408	0.11466	48744
Chr2	5930896	16.96278	85
Chr2	6031384	0.10148	31449
Chr2	6131872	1.08052	213
Chr2	6232361	0.00000	664716
Chr2	6332849	13.58638	95
Chr2	6433337	0.36647	35380
Chr2	6533825	4.21198	304
Chr2	6634313	2.55103	3191
Chr2	6734802	0.00164	184590
Chr2	6835290	2.43115	206
Chr2	6935778	2.56230	914
Chr2	7036266	0.38747	18450
Chr2	7136755	1.49357	6521
Chr2	7237243	2.65814	1270
Chr2	7337731	0.61424	907
Chr2	7438219	2.35090	430
Chr2	7538707	0.04598	128687
Chr2	7639196	10.70120	62
Chr2	7739684	2.79466	1953
Chr2	7840172	0.57411	55
Chr2	7940660	1.79795	363
Chr2	8041149	2.82205	3476
Chr2	8141637	0.85817	97
Chr2	8242125	3.34250	826
Chr2	8342613	0.73348	1669
Chr2	8443101	0.05370	3538
Chr2	8543590	5.49468	201
Chr2	8644078	4.30079	36892
Chr2	8744566	0.56579	2593
Chr2	8845054	2.16045	1243
Chr2	8945543	0.05608	13801
Chr2	9046031	2.10732	1245
Chr2	9146519	1.57434	1322
Chr2	9247007	0.94344	7832
Chr2	9347495	2.03136	1795
Chr2	9447984	0.55169	6173
Chr2	9548472	0.09141	10153
Chr2	9648960	0.07576	22256
Chr2	9749448	1.06135	2436
Chr2	9849937	2.47548	15912
Chr2	9950425	1.74667	1124
Chr2	10050913	1.52044	20
Chr2	10151401	0.12521	5292
Chr2	10251889	1.84938	665
Chr2	10352378	0.34997	7654
Chr2	10452866	1.89895	146
Chr2	10553354	0.47674	11543
Chr2	10653842	0.81956	890
Chr2	10754330	2.10206	878
Chr2	10854819	9.59194	113
Chr2	10955307	1.50410	2774
Chr2	11055795	0.00326	61836
Chr2	11156283	4.50573	717
Chr2	11256772	2.25756	223
Chr2	11357260	3.53937	665
Chr2	11457748	0.12423	5726
Chr2	11558236	0.89127	4777
Chr2	11658724	0.17562	3843
Chr2	11759213	0.05042	15727
Chr2	11859701	0.07246	12325
Chr2	11960189	4.26241	273
Chr2	12060677	2.30467	1216
Chr2	12161166	2.70737	486
Chr2	12261654	0.45006	2089
Chr2	12362142	0.00106	24594
Chr2	12462630	1.26295	183
Chr2	12563118	0.38163	1384
Chr2	12663607	2.80384	174
Chr2	12764095	0.70794	5634
Chr2	12864583	3.61649	348
Chr2	12965071	2.10012	1916
Chr2	13065560	0.04356	196297
Chr2	13166048	0.03601	17277
Chr2	13266536	0.09080	37163
Chr2	13367024	0.75422	10918
Chr2	13467512	1.63385	4161
Chr2	13568001	6.30652	1400
Chr2	13668489	3.56501	1580
Chr2	13768977	2.44773	6107
Chr2	13869465	0.07342	64764
Chr2	13969953	0.19824	6846
Chr2	14070442	0.00538	52939
Chr2	14170930	0.02861	21534
Chr2	14271418	0.08223	26064
Chr2	14371906	0.01076	19901
Chr2	14472395	0.19570	23309
Chr2	14572883	2.01739	127962
Chr2	14673371	1.03310	5655
Chr2	14773859	0.57136	14585
Chr2	14874347	0.16445	1951
Chr2	14974836	1.13633	372
Chr2	15075324	0.00017	457206
Chr2	15175812	2.10248	1309
Chr2	15276300	0.00976	19055
Chr2	15376789	0.72168	3427
Chr2	15477277	1.21604	322
Chr2	15577765	2.13502	524
Chr2	15678253	0.04989	9316
Chr2	15778741	0.02892	14138
Chr2	15879230	0.00730	20855
Chr2	15979718	1.54751	1195
Chr2	16080206	0.00000	643704
Chr2	16180694	0.70182	2197
Chr2	16281183	0.56537	3843
Chr2	16381671	0.01651	12219
Chr2	16482159	1.06183	447
Chr2	16582647	0.01982	295602
Chr2	16683135	1.64647	718
Chr2	16783624	0.08795	21526
Chr2	16884112	0.01304	70895
Chr2	16984600	0.03949	13266
Chr2	17085088	0.16511	36801
Chr2	17185577	0.05734	47138
Chr2	17286065	2.90669	734
Chr2	17386553	0.00000	140420
Chr2	17487041	3.12629	6811
Chr2	17587529	0.08921	2763
Chr2	17688018	0.33535	2634
Chr2	17788506	0.44109	3980
Chr2	17888994	2.98607	435
Chr2	17989482	0.00000	1401074
Chr2	18089970	1.37321	3475
Chr2	18190459	0.57620	3595
Chr2	18290947	8.49403	283
Chr2	18391435	0.27675	87355
Chr2	18491923	1.40405	2002
Chr2	18592412	0.95026	1452
Chr2	18692900	0.58941	1403
Chr2	18793388	0.02233	5534
Chr2	18893876	0.24406	2686
Chr2	18994364	0.13151	4506
Chr2	19094853	1.80059	1375
Chr2	19195341	2.47747	16512
Chr2	19295829	0.04620	664304
Chr2	19396317	0.55955	26710
Chr2	19496806	0.71182	6578
Chr2	19597294	1.03665	5755
Chr2	19697782	0.43133	192527
Chr3	99	1.70094	6024
Chr3	100351	0.05088	710964
Chr3	200604	2.08452	2013
Chr3	300856	0.05019	5784
Chr3	401108	1.21401	573
Chr3	501360	0.04874	710744
Chr3	601613	0.63153	919
Chr3	701865	2.22682	339
Chr3	802117	0.96658	3530
Chr3	902369	0.00000	578403
Chr3	1002622	0.09514	25137
Chr3	1102874	2.53865	320
Chr3	1203126	3.87654	472
Chr3	1303378	0.05366	29231
Chr3	1403631	0.11116	1907
Chr3	1503883	5.02403	909
Chr3	1604135	1.66347	845
Chr3	1704387	1.20341	310
Chr3	1804640	6.05257	387
Chr3	1904892	0.02526	34018
Chr3	2005144	1.75878	329
Chr3	2105396	0.35638	10380
Chr3	2205649	0.00273	199212
Chr3	2305901	0.17575	6064
Chr3	2406153	0.45146	5070
Chr3	2506405	0.02464	40736
Chr3	2606658	2.16704	365
Chr3	2706910	4.51415	462
Chr3	2807162	0.17716	6936
Chr3	2907414	1.22660	1883
Chr3	3007667	0.07819	47627
Chr3	3107919	0.24067	8810
Chr3	3208171	0.06027	9645
Chr3	3308423	2.72402	1037
Chr3	3408676	0.11360	26084
Chr3	3508928	2.75765	1371
Chr3	3609180	0.91304	2541
Chr3	3709432	0.08713	15981
Chr3	3809685	1.09911	3023
Chr3	3909937	0.29352	191542
Chr3	4010189	0.86859	18556
Chr3	4110441	0.34821	6539
Chr3	4210694	0.79571	548
Chr3	4310946	0.31199	4980
Chr3	4411198	0.00000	2042688
Chr3	4511450	4.20689	781
Chr3	4611703	0.12334	17510
Chr3	4711955	0.00001	267472
Chr3	4812207	0.09378	10925
Chr3	4912459	0.37771	6924
Chr3	5012712	0.21306	8216
Chr3	5112964	0.06070	41956
Chr3	5213216	0.03518	19729
Chr3	5313468	0.39912	4466
Chr3	5413721	0.08453	10217
Chr3	5513973	0.00020	110828
Chr3	5614225	0.23434	41618
Chr3	5714477	3.26077	2026
Chr3	5814730	0.32788	28517
Chr3	5914982	0.28738	246658
Chr3	6015234	0.57406	1108
Chr3	6115486	0.40272	24811
Chr3	6215739	0.37586	114771
Chr3	6315991	0.37842	19036
Chr3	6416243	0.36136	37730
Chr3	6516495	0.83041	7390
Chr3	6616748	0.28313	92441
Chr3	6717000	2.83603	711
Chr3	6817252	0.00066	91655
Chr3	6917504	0.27706	103187
Chr3	7017757	1.40108	4663
Chr3	7118009	0.22997	30805
Chr3	7218261	2.10169	3008
Chr3	7318513	0.87430	872
Chr3	7418766	0.00002	346399
Chr3	7519018	0.32523	3891
Chr3	7619270	0.00001	59871
Chr3	7719522	0.59294	544
Chr3	7819775	10.00175	74
Chr3	7920027	5.43751	500
Chr3	8020279	0.84198	1751
Chr3	8120531	9.93977	75
Chr3	8220784	1.12171	327
Chr3	8321036	0.29201	1815
Chr3	8421288	6.86519	315
Chr3	8521540	1.16737	184
Chr3	8621793	0.03248	28369
Chr3	8722045	0.01045	14319
Chr3	8822297	0.00571	12156
Chr3	8922549	9.15596	146
Chr3	9022802	0.18160	8227
Chr3	9123054	2.93823	2241
Chr3	9223306	2.29765	54
Chr3	9323558	0.01370	12996
Chr3	9423811	0.01399	12794
Chr3	9524063	10.87767	53
Chr3	9624315	22.29050	44
Chr3	9724567	1.02951	522
Chr3	9824820	2.25430	677
Chr3	9925072	0.00045	88377
Chr3	10025324	0.02524	52215
Chr3	10125576	0.22229	4970
Chr3	10225829	0.00000	64070
Chr3	10326081	0.75880	4132
Chr3	10426333	4.38034	253
Chr3	10526585	0.24427	27445
Chr3	10626838	0.00002	11218
Chr3	10727090	0.94644	969
Chr3	10827342	0.02192	105690
Chr3	10927594	0.07230	4942
Chr3	11027847	0.08466	30580
Chr3	11128099	0.36990	1386
Chr3	11228351	1.07565	1636
Chr3	11328603	0.09898	9626
Chr3	11428856	0.56076	4942
Chr3	11529108	0.00115	9475
Chr3	11629360	19.04255	42
Chr3	11729613	0.33198	12508
Chr3	11829865	0.69852	1253
Chr3	11930117	0.42558	93
Chr3	12030369	0.00000	1803545
Chr3	12130622	1.95965	1953
Chr3	12230874	0.06789	3967
Chr3	12331126	1.03254	5263
Chr3	12431378	0.05000	271514
Chr3	12531631	1.76348	2023
Chr3	12631883	0.01136	380098
Chr3	12732135	1.34535	1763
Chr3	12832387	0.36661	33923
Chr3	12932640	0.81973	217
Chr3	13032892	2.17378	360
Chr3	13133144	0.16257	18596
Chr3	13233396	1.46179	5455
Chr3	13333649	1.81332	4099
Chr3	13433901	0.43987	13875
Chr3	13534153	0.94693	2077
Chr3	13634405	0.61545	10560
Chr3	13734658	0.45811	2086
Chr3	13834910	0.14631	10049
Chr3	13935162	0.40718	6088
Chr3	14035414	0.00000	4237228
Chr3	14135667	0.00664	61504
Chr3	14235919	0.04880	241235
Chr3	14336171	0.00404	82642
Chr3	14436423	0.04628	69962
Chr3	14536676	0.19659	5187
Chr3	14636928	0.00918	45389
Chr3	14737180	0.04811	621993
Chr3	14837432	0.10043	22865
Chr3	14937685	0.61188	2580
Chr3	15037937	0.00914	56957
Chr3	15138189	0.24250	21151
Chr3	15238441	0.31102	5276
Chr3	15338694	1.59724	31660
Chr3	15438946	0.35799	13158
Chr3	15539198	0.02087	53152
Chr3	15639450	1.03561	489
Chr3	15739703	2.41847	139
Chr3	15839955	0.40719	754
Chr3	15940207	0.06500	30271
Chr3	16040459	0.51775	971
Chr3	16140712	0.01319	101993
Chr3	16240964	0.30179	12085
Chr3	16341216	9.75032	62
Chr3	16441468	0.99395	32149
Chr3	16541721	0.02850	40419
Chr3	16641973	9.17817	72
Chr3	16742225	3.11705	410
Chr3	16842477	0.03764	13828
Chr3	16942730	1.36998	1672
Chr3	17042982	0.91764	2190
Chr3	17143234	0.04320	14445
Chr3	17243486	4.59670	311
Chr3	17343739	7.80891	117
Chr3	17443991	0.54463	2862
Chr3	17544243	0.00943	15673
Chr3	17644495	0.32640	1973
Chr3	17744748	2.65969	800
Chr3	17845000	0.10743	48185
Chr3	17945252	0.12862	82718
Chr3	18045504	1.93869	349
Chr3	18145757	2.77717	722
Chr3	18246009	0.11651	2072
Chr3	18346261	0.19855	4528
Chr3	18446513	0.01527	153038
Chr3	18546766	0.01900	10013
Chr3	18647018	2.59809	500
Chr3	18747270	0.08280	47215
Chr3	18847522	0.16144	3271
Chr3	18947775	0.20723	3513
Chr3	19048027	0.75633	982
Chr3	19148279	0.60922	11850
Chr3	19248531	0.92546	12307
Chr3	19348784	1.30208	1866
Chr3	19449036	1.73970	3663
Chr3	19549288	0.54060	3960
Chr3	19649540	0.01077	35787
Chr3	19749793	0.34508	15488
Chr3	19850045	0.01607	30572
Chr3	19950297	0.03851	50452
Chr3	20050549	0.09280	27002
Chr3	20150802	0.14375	1652
Chr3	20251054	0.04595	174663
Chr3	20351306	0.05150	101284
Chr3	20451558	0.06320	309756
Chr3	20551811	0.16354	7046
Chr3	20652063	0.00930	167536
Chr3	20752315	1.37198	55105180
Chr3	20852567	0.08295	11788
Chr3	20952820	0.02226	16936
Chr3	21053072	1.41397	18647
Chr3	21153324	0.00000	1956319
Chr3	21253576	0.21156	8752
Chr3	21353829	0.11236	10421
Chr3	21454081	0.00582	65811
Chr3	21554333	0.04597	355792
Chr3	21654585	0.06485	124185
Chr3	21754838	0.26429	263801
Chr3	21855090	0.09215	6411
Chr3	21955342	0.00855	344779
Chr3	22055594	0.00000	1280057
Chr3	22155847	0.13087	9098
Chr3	22256099	0.00000	398843
Chr3	22356351	0.00000	5022687
Chr3	22456603	0.00016	128315
Chr3	22556856	0.07705	11908
Chr3	22657108	0.35408	1490
Chr3	22757360	0.00127	552155
Chr3	22857612	0.04696	10723
Chr3	22957865	0.00000	3939221
Chr3	23058117	0.04660	46386
Chr3	23158369	0.07978	157587
Chr3	23258621	0.17813	79170
Chr3	23358874	0.00291	630936
Chr3	23459126	0.09580	92004
Chr4	1021	0.83311	22719
Chr4	101475	1.61332	3181
Chr4	201929	1.29303	7639
Chr4	302383	2.50416	78
Chr4	402837	0.00000	188445
Chr4	503291	0.07165	15666
Chr4	603745	1.32010	2872
Chr4	704199	3.31646	671
Chr4	804652	0.01529	17016
Chr4	905106	0.87535	545
Chr4	1005560	0.11663	14865
Chr4	1106014	0.42478	7816
Chr4	1206468	2.96099	1195
Chr4	1306922	2.30670	7331
Chr4	1407376	0.05397	51073
Chr4	1507830	1.04856	1652
Chr4	1608284	2.05002	96
Chr4	1708738	2.47439	52
Chr4	1809192	0.38469	88204
Chr4	1909646	0.64263	87844
Chr4	2010100	1.37538	30683
Chr4	2110554	2.33981	50594
Chr4	2211007	0.19336	81693
Chr4	2311461	0.04113	698587
Chr4	2411915	0.00000	29064350
Chr4	2512369	0.29814	97407
Chr4	2612823	0.08782	1013521
Chr4	2713277	0.12001	123743
Chr4	2813731	1.88130	442
Chr4	2914185	1.46991	2555
Chr4	3014639	3.08456	8599
Chr4	3115093	0.62805	5048
Chr4	3215547	0.47922	8698
Chr4	3316001	0.28162	45060
Chr4	3416455	0.05257	1069198
Chr4	3516909	0.00707	1175227
Chr4	3617362	0.58709	24942
Chr4	3717816	0.07249	589249
Chr4	3818270	0.00343	1484932
Chr4	3918724	0.37679	10349
Chr4	4019178	1.24794	228
Chr4	4119632	2.06657	34719
Chr4	4220086	0.88251	3303
Chr4	4320540	17.76253	70
Chr4	4420994	0.02531	51055
Chr4	4521448	18.02349	48
Chr4	4621902	36.04573	47
Chr4	4722356	19.28614	132
Chr4	4822810	5.76969	621
Chr4	4923264	0.44284	3379
Chr4	5023717	0.24116	6748
Chr4	5124171	1.45213	1024
Chr4	5224625	1.93690	131
Chr4	5325079	1.27143	4408
Chr4	5425533	0.00151	8810
Chr4	5525987	0.47039	1240
Chr4	5626441	3.03846	1644
Chr4	5726895	0.02589	5791
Chr4	5827349	0.96597	256
Chr4	5927803	23.55103	30
Chr4	6028257	0.03144	42427
Chr4	6128711	2.02696	1607
Chr4	6229165	0.11204	7181
Chr4	6329619	0.22612	902
Chr4	6430073	2.84453	115
Chr4	6530526	0.00118	10164
Chr4	6630980	1.26791	422
Chr4	6731434	0.84984	592
Chr4	6831888	0.00010	233818
Chr4	6932342	6.15371	89
Chr4	7032796	7.36255	96
Chr4	7133250	2.11290	142
Chr4	7233704	3.20077	194
Chr4	7334158	2.68283	1035
Chr4	7434612	0.41822	7549
Chr4	7535066	4.45824	636
Chr4	7635520	3.09678	279
Chr4	7735974	0.00000	22601870
Chr4	7836428	3.91386	509
Chr4	7936881	5.49431	394
Chr4	8037335	0.00000	1729438
Chr4	8137789	1.68810	3296
Chr4	8238243	0.02991	7617
Chr4	8338697	2.80781	242
Chr4	8439151	0.02533	79773
Chr4	8539605	2.84090	563
Chr4	8640059	0.31977	1223
Chr4	8740513	9.51061	270
Chr4	8840967	11.78138	157
Chr4	8941421	4.31714	136
Chr4	9041875	2.38019	707
Chr4	9142329	0.47131	5190
Chr4	9242783	6.87747	51
Chr4	9343236	2.03563	1717
Chr4	9443690	8.37539	183
Chr4	9544144	0.75242	24174
Chr4	9644598	2.61166	284
Chr4	9745052	2.37952	1306
Chr4	9845506	7.12736	304
Chr4	9945960	3.23137	889
Chr4	10046414	0.10274	22674
Chr4	10146868	0.19833	4890
Chr4	10247322	3.59200	181
Chr4	10347776	1.59309	295
Chr4	10448230	9.72181	205
Chr4	10548684	38.29269	8
Chr4	10649138	47.08701	8
Chr4	10749591	47.09858	8
Chr4	10850045	20.87830	9
Chr4	10950499	42.56629	9
Chr4	11050953	22.53155	10
Chr4	11151407	1.04171	305
Chr4	11251861	0.84259	224
Chr4	11352315	19.52398	49
Chr4	11452769	4.70891	193
Chr4	11553223	0.01620	165560
Chr4	11653677	1.52130	2312
Chr4	11754131	3.57443	1344
Chr4	11854585	0.00000	1009390000
Chr4	11955039	1.31596	4099
Chr4	12055493	0.00060	105486
Chr4	12155946	3.55570	844
Chr4	12256400	0.73628	2702
Chr4	12356854	0.04709	250266
Chr4	12457308	0.36207	9493
Chr4	12557762	0.01032	40815
Chr4	12658216	0.00009	626837
Chr4	12758670	0.11131	29176
Chr4	12859124	0.05203	161765
Chr4	12959578	0.00973	67921
Chr4	13060032	0.66761	2841
Chr4	13160486	1.99487	696
Chr4	13260940	1.87132	5929
Chr4	13361394	1.60725	1581
Chr4	13461848	1.19753	16379
Chr4	13562302	0.05853	33490
Chr4	13662755	1.00779	5313
Chr4	13763209	0.04860	173628
Chr4	13863663	0.10088	26693
Chr4	13964117	0.11899	13645
Chr4	14064571	0.00250	199557
Chr4	14165025	6.18524	285
Chr4	14265479	1.61730	11484
Chr4	14365933	0.00962	60641
Chr4	14466387	0.18226	5871
Chr4	14566841	0.37115	2966
Chr4	14667295	0.85147	489
Chr4	14767749	0.18711	60574
Chr4	14868203	0.32634	6017
Chr4	14968657	0.05184	448666
Chr4	15069110	0.00000	1582642
Chr4	15169564	0.25534	4373
Chr4	15270018	0.07800	9214
Chr4	15370472	1.31013	4292
Chr4	15470926	0.01904	82785
Chr4	15571380	0.67857	3681
Chr4	15671834	0.32308	4087
Chr4	15772288	1.09786	2197
Chr4	15872742	0.02982	92913
Chr4	15973196	0.00000	4462118
Chr4	16073650	0.28984	20748
Chr4	16174104	0.00000	251312
Chr4	16274558	0.37638	2873
Chr4	16375012	0.10027	20559
Chr4	16475465	0.16959	1821
Chr4	16575919	0.48906	3286
Chr4	16676373	0.00000	82762
Chr4	16776827	0.01375	3160
Chr4	16877281	0.01226	4199
Chr4	16977735	3.03484	502
Chr4	17078189	0.03677	38500
Chr4	17178643	0.00000	423681
Chr4	17279097	2.48628	657
Chr4	17379551	2.37472	321
Chr4	17480005	2.56972	373
Chr4	17580459	15.01041	99
Chr4	17680913	3.44021	278
Chr4	17781367	1.62068	665
Chr4	17881820	0.05206	44833
Chr4	17982274	0.07228	5424
Chr4	18082728	0.54321	4074
Chr4	18183182	6.09002	403
Chr4	18283636	1.50107	490
Chr4	18384090	2.13694	12057
Chr4	18484544	0.08867	26098
Chr4	18584998	0.40887	14326
Chr5	80	0.19595	82954
Chr5	100360	1.71947	4274
Chr5	200640	4.12396	3073
Chr5	300921	0.00625	49714
Chr5	401201	0.11321	5639
Chr5	501481	0.16422	13781
Chr5	601761	0.01130	8051
Chr5	702041	2.13798	598
Chr5	802321	2.07707	1190
Chr5	902602	1.41609	187
Chr5	1002882	0.02551	12057
Chr5	1103162	1.77558	629
Chr5	1203442	0.06362	49036
Chr5	1303722	1.37260	504
Chr5	1404002	0.00003	57270
Chr5	1504283	0.00042	50102
Chr5	1604563	0.59150	4673
Chr5	1704843	1.04124	2114
Chr5	1805123	0.00825	93695
Chr5	1905403	0.75860	4945
Chr5	2005683	1.88243	790
Chr5	2105964	1.35423	1233
Chr5	2206244	0.09800	6020
Chr5	2306524	0.00763	36878
Chr5	2406804	0.07082	42524
Chr5	2507084	1.03513	4135
Chr5	2607365	0.05547	23702
Chr5	2707645	1.24731	7951
Chr5	2807925	0.88349	10212
Chr5	2908205	0.39058	17809
Chr5	3008485	2.05188	340
Chr5	3108765	0.09882	34997
Chr5	3209046	0.55195	2230
Chr5	3309326	0.04717	49654
Chr5	3409606	0.12205	8979
Chr5	3509886	0.11110	26770
Chr5	3610166	0.07801	18852
Chr5	3710446	0.45265	19605
Chr5	3810727	0.01011	36430
Chr5	3911007	0.12026	48052
Chr5	4011287	0.74270	1468
Chr5	4111567	0.08619	3393
Chr5	4211847	0.40525	542
Chr5	4312128	1.39706	4317
Chr5	4412408	0.08366	108092
Chr5	4512688	0.02165	6139
Chr5	4612968	0.08192	7190
Chr5	4713248	0.00631	30424
Chr5	4813528	1.02840	5770
Chr5	4913809	2.19636	791
Chr5	5014089	0.04511	11850
Chr5	5114369	1.00488	2271
Chr5	5214649	0.50005	18836
Chr5	5314929	0.03498	38235
Chr5	5415209	0.06287	10971
Chr5	5515490	0.01661	50206
Chr5	5615770	0.26495	2007
Chr5	5716050	1.39494	3664
Chr5	5816330	3.40761	822
Chr5	5916610	4.22875	214
Chr5	6016890	1.70460	127
Chr5	6117171	2.38821	836
Chr5	6217451	0.03276	326815
Chr5	6317731	0.00000	82710
Chr5	6418011	0.10568	14192
Chr5	6518291	0.26084	3714
Chr5	6618572	0.36631	5612
Chr5	6718852	2.91697	225
Chr5	6819132	0.25872	2427
Chr5	6919412	1.63147	742
Chr5	7019692	0.00000	325329
Chr5	7119972	0.21597	2857
Chr5	7220253	0.69592	10897
Chr5	7320533	0.00128	68188
Chr5	7420813	0.25737	26006
Chr5	7521093	11.16559	402
Chr5	7621373	0.04814	101611
Chr5	7721653	0.48963	1971
Chr5	7821934	0.00010	1068548
Chr5	7922214	3.51648	2207
Chr5	8022494	0.89558	1418
Chr5	8122774	2.57198	459
Chr5	8223054	0.71030	18707
Chr5	8323335	0.20334	1169
Chr5	8423615	1.40630	1326
Chr5	8523895	0.01222	23576
Chr5	8624175	3.48342	186
Chr5	8724455	0.00000	57944
Chr5	8824735	1.80111	132
Chr5	8925016	0.00358	5790
Chr5	9025296	0.02771	6201
Chr5	9125576	0.00815	6058
Chr5	9225856	0.10347	7351
Chr5	9326136	0.15897	4151
Chr5	9426416	0.32841	1838
Chr5	9526697	0.09266	2707
Chr5	9626977	0.36433	1090
Chr5	9727257	0.48746	349
Chr5	9827537	0.09305	25175
Chr5	9927817	0.31423	3016
Chr5	10028097	0.06592	7415
Chr5	10128378	0.76664	5713
Chr5	10228658	0.00029	189227
Chr5	10328938	1.25094	128
Chr5	10429218	0.29065	6996
Chr5	10529498	0.00055	359580
Chr5	10629779	1.30612	4193
Chr5	10730059	0.09317	12647
Chr5	10830339	0.33673	116932
Chr5	10930619	0.04644	191049
Chr5	11030899	0.00000	5379196
Chr5	11131179	0.00065	355661
Chr5	11231460	0.88194	2705
Chr5	11331740	0.51241	14739
Chr5	11432020	0.06367	145767
Chr5	11532300	0.08061	106241
Chr5	11632580	0.08453	50754
Chr5	11732860	0.16915	19973
Chr5	11833141	2.48452	639
Chr5	11933421	8.80970	212
Chr5	12033701	0.13192	18220
Chr5	12133981	0.06299	42118
Chr5	12234261	0.99032	3289
Chr5	12334541	0.00285	307342
Chr5	12434822	0.20980	4851
Chr5	12535102	0.02426	14662
Chr5	12635382	0.50554	6403
Chr5	12735662	0.29123	72881
Chr5	12835942	3.47887	1260
Chr5	12936223	0.31417	58555
Chr5	13036503	0.69372	22397
Chr5	13136783	0.18062	8646
Chr5	13237063	1.09147	3211
Chr5	13337343	0.07642	205244
Chr5	13437623	0.12505	28571
Chr5	13537904	0.04676	55318
Chr5	13638184	0.25104	173650
Chr5	13738464	0.34968	6777
Chr5	13838744	0.00374	45391
Chr5	13939024	0.08929	36071
Chr5	14039304	2.66144	2376
Chr5	14139585	0.21836	1609
Chr5	14239865	0.05175	13497
Chr5	14340145	0.07935	1111
Chr5	14440425	2.96949	74
Chr5	14540705	2.18618	395
Chr5	14640986	1.82701	724
Chr5	14741266	2.00398	547
Chr5	14841546	0.08488	10785
Chr5	14941826	0.73668	829
Chr5	15042106	2.55887	696
Chr5	15142386	16.69106	47
Chr5	15242667	0.00000	546631
Chr5	15342947	4.11879	267
Chr5	15443227	0.27206	3073
Chr5	15543507	0.46329	11388
Chr5	15643787	0.32462	4604
Chr5	15744067	1.53033	1099
Chr5	15844348	0.00000	385031
Chr5	15944628	0.74178	522
Chr5	16044908	2.39251	798
Chr5	16145188	0.51703	1753
Chr5	16245468	3.03143	298
Chr5	16345748	15.48223	95
Chr5	16446029	0.77577	1276
Chr5	16546309	0.66295	1481
Chr5	16646589	0.66389	8480
Chr5	16746869	14.13812	23
Chr5	16847149	2.25585	59
Chr5	16947430	1.88184	2363
Chr5	17047710	13.70393	56
Chr5	17147990	7.64266	213
Chr5	17248270	0.34057	9267
Chr5	17348550	10.04869	233
Chr5	17448830	3.78267	854
Chr5	17549111	0.07534	22265
Chr5	17649391	3.73438	85
Chr5	17749671	2.55937	1244
Chr5	17849951	1.49752	35257
Chr5	17950231	0.87948	11839
Chr5	18050511	0.04483	22831
Chr5	18150792	5.88215	227
Chr5	18251072	0.05761	5467
Chr5	18351352	0.00000	148031
Chr5	18451632	3.44666	177
Chr5	18551912	1.79032	1036
Chr5	18652192	1.23071	2508
Chr5	18752473	0.63264	11380
Chr5	18852753	1.11520	3149
Chr5	18953033	0.87693	10520
Chr5	19053313	0.95478	1773
Chr5	19153593	0.28671	49653
Chr5	19253874	0.74856	177
Chr5	19354154	0.00615	101292
Chr5	19454434	2.86285	2558
Chr5	19554714	2.66022	199
Chr5	19654994	10.89904	125
Chr5	19755274	2.45330	4511
Chr5	19855555	0.00345	63313
Chr5	19955835	0.11021	51544
Chr5	20056115	0.00617	16430
Chr5	20156395	0.05881	28627
Chr5	20256675	9.83111	376
Chr5	20356955	0.00402	219401
Chr5	20457236	0.17479	7266
Chr5	20557516	1.24075	9743
Chr5	20657796	0.15625	8368
Chr5	20758076	1.03010	3353
Chr5	20858356	0.85373	7355
Chr5	20958637	1.01632	6369
Chr5	21058917	2.64987	612
Chr5	21159197	0.03953	19318
Chr5	21259477	0.00213	63350
Chr5	21359757	0.04786	6668
Chr5	21460037	0.01597	5933
Chr5	21560318	0.00000	769604
Chr5	21660598	0.38543	1767
Chr5	21760878	0.00000	244228
Chr5	21861158	2.62718	1628
Chr5	21961438	0.20004	4880
Chr5	22061718	0.43469	1487
Chr5	22161999	0.27344	4302
Chr5	22262279	0.24440	311070
Chr5	22362559	0.39118	8124
Chr5	22462839	0.72088	692
Chr5	22563119	0.55295	3965
Chr5	22663399	0.11553	10318
Chr5	22763680	0.03089	11601
Chr5	22863960	1.19922	1030
Chr5	22964240	0.04847	12736
Chr5	23064520	0.51176	29086
Chr5	23164800	0.60420	6197
Chr5	23265081	0.05449	63766
Chr5	23365361	0.40788	4222
Chr5	23465641	0.00000	379750
Chr5	23565921	0.27687	48318
Chr5	23666201	0.00000	384704
Chr5	23766481	1.30031	1847
Chr5	23866762	0.13385	10376
Chr5	23967042	0.41341	5250
Chr5	24067322	6.06203	653
Chr5	24167602	3.19011	855
Chr5	24267882	0.34498	3468
Chr5	24368162	0.66799	2783
Chr5	24468443	0.29810	9245
Chr5	24568723	0.07767	28744
Chr5	24669003	1.93437	295
Chr5	24769283	1.02234	485
Chr5	24869563	0.38745	4842
Chr5	24969844	0.14833	14301
Chr5	25070124	0.04059	11718
Chr5	25170404	0.50606	4680
Chr5	25270684	0.29285	3313
Chr5	25370964	0.37794	5456
Chr5	25471244	0.81988	799
Chr5	25571525	10.45688	57
Chr5	25671805	18.20751	49
Chr5	25772085	0.00238	31538
Chr5	25872365	1.55603	289
Chr5	25972645	0.23178	422963
Chr5	26072925	5.35714	4577
Chr5	26173206	1.90073	5262
Chr5	26273486	0.28505	28657
Chr5	26373766	0.42234	17270
Chr5	26474046	1.09853	18135
Chr5	26574326	10.64178	801
Chr5	26674606	4.80463	629
Chr5	26774887	0.11270	38411
Chr5	26875167	1.38573	9154
Chr5	26975447	0.04316	7542122